[
  {
    "type": "Feature",
    "properties": {
      "id": 210,
      "id_per": 26,
      "Lokasi": "Jl. Babe Palar, Bitung",
      "Luas": "81.26",
      "Tahapan": "Eksplorasi",
      "SK": "Gubernur",
      "Nomor SK": "313 Tahun 2015",
      "Tgl SK Sta": "2025-12-14",
      "Tgl SK End": "2025-12-14",
      "Komoditas": "Emas",
      "Mineral": "IUP Logam",
      "nama_perusahaan": "PT Ratok Mining",
      "alamat": "Jl. Babe Palar, Bitung"
    },
    "geometry": {
      "type": "Point",
      "coordinates": [
        125.16265812824732,
        1.449530703144025
      ]
    }
  },
  {
    "type": "Feature",
    "properties": {
      "id": 212,
      "id_per": 2,
      "Lokasi": "Ruko Marina Plaza Blok B 27 (Samping Bank Panin)",
      "Luas": "100.00",
      "Tahapan": "Produksi",
      "SK": "Gubernur",
      "Nomor SK": "302 Tahun 2015",
      "Tgl SK Sta": "2025-11-30",
      "Tgl SK End": "2025-11-30",
      "Komoditas": "Emas",
      "Mineral": "IUP Logam",
      "nama_perusahaan": "PT Hakian Wellem Rumansi",
      "alamat": "Ruko Marina Plaza Blok B 27 (Samping Bank Panin)"
    },
    "geometry": {
      "type": "Point",
      "coordinates": [
        124.83844807238947,
        1.49209862889554
      ]
    }
  },
  {
    "type": "Feature",
    "properties": {
      "id": 214,
      "id_per": 4,
      "Lokasi": "Komp. Ruko Citraland Jl. Ringroad I",
      "Luas": "23.60",
      "Tahapan": "Produksi",
      "SK": "Bupati",
      "Nomor SK": "85.a tahun 2011",
      "Tgl SK Sta": "2021-06-10",
      "Tgl SK End": "2021-06-10",
      "Komoditas": "Emas",
      "Mineral": "IUP Logam",
      "nama_perusahaan": "PT Minselano ",
      "alamat": "Komp. Ruko Citraland Jl. Ringroad I"
    },
    "geometry": {
      "type": "Point",
      "coordinates": [
        124.84480664535388,
        1.437500298853009
      ]
    }
  },
  {
    "type": "Feature",
    "properties": {
      "id": 215,
      "id_per": 39,
      "Lokasi": "Jl. Ahmad Yani 17, Sario Tumpaan, Kec. Sario, Kota Manado",
      "Luas": "301.44",
      "Tahapan": "Produksi",
      "SK": "Bupati",
      "Nomor SK": "221 tahun 2014",
      "Tgl SK Sta": "2031-09-26",
      "Tgl SK End": "2031-09-26",
      "Komoditas": "Emas",
      "Mineral": "IUP Logam",
      "nama_perusahaan": "PT Sumber Energi Jaya",
      "alamat": "Jl Raya Pantai Indah Kapuk Jakarta Utara"
    },
    "geometry": {
      "type": "Point",
      "coordinates": [
        124.83023213249722,
        1.467908774875212
      ]
    }
  },
  {
    "type": "Feature",
    "properties": {
      "id": 217,
      "id_per": 39,
      "Lokasi": "Jl Raya Pantai Indah Kapuk Jakarta Utara",
      "Luas": "822.30",
      "Tahapan": "Produksi",
      "SK": "Bupati",
      "Nomor SK": "87 tahun 2010",
      "Tgl SK Sta": "2030-06-03",
      "Tgl SK End": "2030-06-03",
      "Komoditas": "Emas",
      "Mineral": "IUP Logam",
      "nama_perusahaan": "PT Sumber Energi Jaya",
      "alamat": "Jl Raya Pantai Indah Kapuk Jakarta Utara"
    },
    "geometry": {
      "type": "Point",
      "coordinates": [
        106.76388764233069,
        -6.11651985736078
      ]
    }
  },
  {
    "type": "Feature",
    "properties": {
      "id": 218,
      "id_per": 40,
      "Lokasi": "Komp Perkantoran Interkon Plaza Taman Kebun Jeruk Jakarta Barat",
      "Luas": "2000.00",
      "Tahapan": "Produksi",
      "SK": "Gubernur",
      "Nomor SK": "503/DPMPTSPD/IUP-OP/186/IX/2020",
      "Tgl SK Sta": "2030-09-08",
      "Tgl SK End": "2030-09-08",
      "Komoditas": "Emas",
      "Mineral": "IUP Logam",
      "nama_perusahaan": "PT Kencana Mulia Jaya",
      "alamat": "Komp Perkantoran Interkon Plaza Taman Kebun Jeruk Jakarta Barat"
    },
    "geometry": {
      "type": "Point",
      "coordinates": [
        106.74863130067014,
        -6.197914454108916
      ]
    }
  },
  {
    "type": "Feature",
    "properties": {
      "id": 219,
      "id_per": 41,
      "Lokasi": "Jl. Prof. Ir. Sutami No. 28 Makassar",
      "Luas": "4000.00",
      "Tahapan": "Produksi",
      "SK": "Bupati",
      "Nomor SK": "100 tahun 2013",
      "Tgl SK Sta": "2033-06-03",
      "Tgl SK End": "2033-06-03",
      "Komoditas": "Emas",
      "Mineral": "IUP Logam",
      "nama_perusahaan": "PT Arafura Surya Alam",
      "alamat": "Jl. Prof. Ir. Sutami No. 28 Makassar"
    },
    "geometry": {
      "type": "Point",
      "coordinates": [
        119.48938271664076,
        -5.086589847529098
      ]
    }
  },
  {
    "type": "Feature",
    "properties": {
      "id": 220,
      "id_per": 42,
      "Lokasi": "Desa Lanut, Kec. Modayag, Kab. Bolaang Mongondow Timur",
      "Luas": "215.10",
      "Tahapan": "Produksi",
      "SK": "Gubernur",
      "Nomor SK": "503/DPMPTSPD/IUP-OP/285/X/2019",
      "Tgl SK Sta": "2029-10-24",
      "Tgl SK End": "2029-10-24",
      "Komoditas": "Emas",
      "Mineral": "IUP Logam",
      "nama_perusahaan": "KUD Nomontang",
      "alamat": "Desa Lanut, Kec. Modayag, Kab. Bolaang Mongondow Timur"
    },
    "geometry": {
      "type": "Point",
      "coordinates": [
        124.46381748214374,
        0.652406593781641
      ]
    }
  },
  {
    "type": "Feature",
    "properties": {
      "id": 221,
      "id_per": 43,
      "Lokasi": "Kel. Kebayoran Lama Selatan, Kec. Kebayoran Lama, Jakarta Selatan",
      "Luas": "7899.00",
      "Tahapan": "Produksi",
      "SK": "Gubernur",
      "Nomor SK": "503/DPMPTSPD/IUP-OP/227/XII/2020",
      "Tgl SK Sta": "2030-12-01",
      "Tgl SK End": "2030-12-01",
      "Komoditas": "Emas",
      "Mineral": "IUP Logam",
      "nama_perusahaan": "PT. Bolmong Timur Primanusa",
      "alamat": "Kel. Kebayoran Lama Selatan, Kec. Kebayoran Lama, Jakarta Selatan"
    },
    "geometry": {
      "type": "Point",
      "coordinates": [
        106.77801110936214,
        -6.255222118695164
      ]
    }
  },
  {
    "type": "Feature",
    "properties": {
      "id": 222,
      "id_per": 44,
      "Lokasi": "Desa Tanoyan, Kec. Lolayan",
      "Luas": "100.00",
      "Tahapan": "Produksi",
      "SK": "Gubernur",
      "Nomor SK": "503/DPMPTSPD/IUP-OP/139/VIII/2020",
      "Tgl SK Sta": "2030-08-14",
      "Tgl SK End": "2030-08-14",
      "Komoditas": "Emas",
      "Mineral": "IUP Logam",
      "nama_perusahaan": "KUD Perintis",
      "alamat": "Desa Tanoyan, Kec. Lolayan"
    },
    "geometry": {
      "type": "Point",
      "coordinates": [
        124.25262159179834,
        0.620578494368609
      ]
    }
  },
  {
    "type": "Feature",
    "properties": {
      "id": 223,
      "id_per": 45,
      "Lokasi": "Jl. AP Patarani Blok GA. 6 No. 5 Makassar",
      "Luas": "18.00",
      "Tahapan": "Produksi",
      "SK": "Gubernur",
      "Nomor SK": "503/DPMPTSD/IUP-OP/126/V/2019",
      "Tgl SK Sta": "2029-05-23",
      "Tgl SK End": "2029-05-23",
      "Komoditas": "Pasir besi",
      "Mineral": "IUP Logam",
      "nama_perusahaan": "CV Indah Sari",
      "alamat": "Jl. AP Patarani Blok GA. 6 No. 5 Makassar"
    },
    "geometry": {
      "type": "Point",
      "coordinates": [
        119.433053860941,
        -5.152310114850169
      ]
    }
  },
  {
    "type": "Feature",
    "properties": {
      "id": 224,
      "id_per": 46,
      "Lokasi": "Jl. WZ Yohanes No 12 - 14 Wanea Manado",
      "Luas": "99.84 Ha",
      "Tahapan": "Operasi Produksi",
      "SK": "Gubernur",
      "Nomor SK": "503/DPMPTSPD/IUP-OP/241/X/2020",
      "Tgl SK Sta": "2020-10-26",
      "Tgl SK End": "2030-10-26",
      "Komoditas": "Emas",
      "Mineral": "IUP Logam",
      "nama_perusahaan": "PT Bulawan Daya Lestari",
      "alamat": "Jl. WZ Yohanes No 12 - 14 Wanea Manado"
    },
    "geometry": {
      "type": "Point",
      "coordinates": [
        124.84778226503224,
        1.461814622902317
      ]
    }
  },
  {
    "type": "Feature",
    "properties": {
      "id": 225,
      "id_per": 47,
      "Lokasi": "Jl. Pemuda No. 70 Kel. Jati Kec. Pulo Gadung Jakarta Timur",
      "Luas": "2200 Ha",
      "Tahapan": "Produksi",
      "SK": "Bupati",
      "Nomor SK": "160 Tahun 2013",
      "Tgl SK Sta": "2013-07-10",
      "Tgl SK End": "2023-10-07",
      "Komoditas": "Emas",
      "Mineral": "IUP Logam",
      "nama_perusahaan": "PT Monumen Energi Nusantara",
      "alamat": "Jl. Pemuda No. 70 Kel. Jati Kec. Pulo Gadung Jakarta Timur"
    },
    "geometry": {
      "type": "Point",
      "coordinates": [
        106.89182854972968,
        -6.193874458937829
      ]
    }
  }
]